[
  {
    "id": "clk9z4x8a0000u9k4q9q4x8a0",
    "name": "Eternal Essence",
    "description": "A timeless floral fragrance with hints of jasmine and vanilla",
    "description2": "Perfect for evening wear and special occasions",
    "description3": "Long-lasting scent that evolves throughout the day",
    "points": ["long-lasting", "evening wear", "floral"],
    "maxPrice": 129.99,
    "sellPrice": 89.99,
    "fragrence": "Floral",
    "strength": "Medium",
    "preference": "Women",
    "sustainable": "Eco-friendly packaging",
    "type": "Eau de Parfum",
    "idealFor": "Evening wear",
    "quantity": 150,
    "isLive": true,
    "images": [
      "https://example.com/perfumes/eternal1.jpg",
      "https://example.com/perfumes/eternal2.jpg",
      "https://example.com/perfumes/eternal3.jpg",
      "https://example.com/perfumes/eternal4.jpg",
      "https://example.com/perfumes/eternal5.jpg"
    ],
    "createdAt": "2023-06-15T10:30:00Z",
    "updatedAt": "2023-06-20T14:45:00Z"
  },
  {
    "id": "clk9z4x8a0001u9k4q9q4x8a1",
    "name": "Ocean Breeze",
    "description": "Fresh aquatic fragrance inspired by the sea",
    "description2": "Light and refreshing for daily wear",
    "description3": null,
    "points": ["fresh", "summer", "unisex"],
    "maxPrice": 99.99,
    "sellPrice": 69.99,
    "fragrence": "Aquatic",
    "strength": "Light",
    "preference": "Unisex",
    "sustainable": "Vegan formula",
    "type": "Eau de Toilette",
    "idealFor": "Day wear",
    "quantity": 200,
    "isLive": true,
    "images": [
      "https://example.com/perfumes/ocean1.jpg",
      "https://example.com/perfumes/ocean2.jpg",
      "https://example.com/perfumes/ocean3.jpg",
      "https://example.com/perfumes/ocean4.jpg",
      "https://example.com/perfumes/ocean5.jpg"
    ],
    "createdAt": "2023-05-10T09:15:00Z",
    "updatedAt": "2023-06-18T11:20:00Z"
  },
  {
    "id": "clk9z4x8a0002u9k4q9q4x8a2",
    "name": "Woody Noir",
    "description": "Rich woody fragrance with smoky undertones",
    "description2": "Bold and masculine scent for confident men",
    "description3": "Contains rare sandalwood and oud extracts",
    "points": ["woody", "masculine", "long-lasting"],
    "maxPrice": 149.99,
    "sellPrice": 119.99,
    "fragrence": "Woody",
    "strength": "Strong",
    "preference": "Men",
    "sustainable": null,
    "type": "Eau de Parfum",
    "idealFor": "Night out",
    "quantity": 75,
    "isLive": true,
    "images": [
      "https://example.com/perfumes/woody1.jpg",
      "https://example.com/perfumes/woody2.jpg",
      "https://example.com/perfumes/woody3.jpg",
      "https://example.com/perfumes/woody4.jpg",
      "https://example.com/perfumes/woody5.jpg"
    ],
    "createdAt": "2023-04-22T14:00:00Z",
    "updatedAt": "2023-06-19T16:30:00Z"
  },
  {
    "id": "clk9z4x8a0003u9k4q9q4x8a3",
    "name": "Citrus Splash",
    "description": "Zesty citrus fragrance that energizes your day",
    "description2": "Perfect for summer and warm weather",
    "description3": null,
    "points": ["citrus", "fresh", "energizing"],
    "maxPrice": 79.99,
    "sellPrice": 59.99,
    "fragrence": "Citrus",
    "strength": "Light",
    "preference": "Unisex",
    "sustainable": "Recyclable bottle",
    "type": "Eau de Cologne",
    "idealFor": "Day wear",
    "quantity": 180,
    "isLive": true,
    "images": [
      "https://example.com/perfumes/citrus1.jpg",
      "https://example.com/perfumes/citrus2.jpg",
      "https://example.com/perfumes/citrus3.jpg",
      "https://example.com/perfumes/citrus4.jpg",
      "https://example.com/perfumes/citrus5.jpg"
    ],
    "createdAt": "2023-03-30T11:45:00Z",
    "updatedAt": "2023-06-17T10:15:00Z"
  },
  {
    "id": "clk9z4x8a0004u9k4q9q4x8a4",
    "name": "Vanilla Dream",
    "description": "Sweet vanilla fragrance with caramel notes",
    "description2": "Comforting and warm for everyday wear",
    "description3": "Contains real vanilla extract from Madagascar",
    "points": ["sweet", "vanilla", "comforting"],
    "maxPrice": 89.99,
    "sellPrice": 64.99,
    "fragrence": "Gourmand",
    "strength": "Medium",
    "preference": "Women",
    "sustainable": "Ethically sourced ingredients",
    "type": "Eau de Parfum",
    "idealFor": "Casual wear",
    "quantity": 120,
    "isLive": true,
    "images": [
      "https://example.com/perfumes/vanilla1.jpg",
      "https://example.com/perfumes/vanilla2.jpg",
      "https://example.com/perfumes/vanilla3.jpg",
      "https://example.com/perfumes/vanilla4.jpg",
      "https://example.com/perfumes/vanilla5.jpg"
    ],
    "createdAt": "2023-02-14T13:20:00Z",
    "updatedAt": "2023-06-16T09:30:00Z"
  },
  {
    "id": "clk9z4x8a0005u9k4q9q4x8a5",
    "name": "Spice Route",
    "description": "Exotic spice blend with oriental notes",
    "description2": "Warm and mysterious fragrance for special occasions",
    "description3": "Inspired by ancient trade routes",
    "points": ["spicy", "oriental", "winter"],
    "maxPrice": 139.99,
    "sellPrice": 99.99,
    "fragrence": "Spicy",
    "strength": "Strong",
    "preference": "Unisex",
    "sustainable": null,
    "type": "Eau de Parfum",
    "idealFor": "Evening wear",
    "quantity": 90,
    "isLive": true,
    "images": [
      "https://example.com/perfumes/spice1.jpg",
      "https://example.com/perfumes/spice2.jpg",
      "https://example.com/perfumes/spice3.jpg",
      "https://example.com/perfumes/spice4.jpg",
      "https://example.com/perfumes/spice5.jpg"
    ],
    "createdAt": "2023-01-05T15:10:00Z",
    "updatedAt": "2023-06-15T14:20:00Z"
  },
  {
    "id": "clk9z4x8a0006u9k4q9q4x8a6",
    "name": "Fresh Linen",
    "description": "Clean and crisp fragrance reminiscent of fresh laundry",
    "description2": "Perfect for office wear and professional settings",
    "description3": null,
    "points": ["clean", "office wear", "light"],
    "maxPrice": 69.99,
    "sellPrice": 49.99,
    "fragrence": "Fresh",
    "strength": "Light",
    "preference": "Unisex",
    "sustainable": "Biodegradable formula",
    "type": "Eau de Toilette",
    "idealFor": "Office wear",
    "quantity": 210,
    "isLive": true,
    "images": [
      "https://example.com/perfumes/linen1.jpg",
      "https://example.com/perfumes/linen2.jpg",
      "https://example.com/perfumes/linen3.jpg",
      "https://example.com/perfumes/linen4.jpg",
      "https://example.com/perfumes/linen5.jpg"
    ],
    "createdAt": "2022-12-10T10:00:00Z",
    "updatedAt": "2023-06-14T12:45:00Z"
  },
  {
    "id": "clk9z4x8a0007u9k4q9q4x8a7",
    "name": "Tropical Paradise",
    "description": "Fruity exotic blend with coconut and mango notes",
    "description2": "Vacation in a bottle",
    "description3": "Contains natural fruit extracts",
    "points": ["fruity", "summer", "tropical"],
    "maxPrice": 94.99,
    "sellPrice": 74.99,
    "fragrence": "Fruity",
    "strength": "Medium",
    "preference": "Women",
    "sustainable": "Sustainable palm oil free",
    "type": "Eau de Parfum",
    "idealFor": "Vacation",
    "quantity": 110,
    "isLive": true,
    "images": [
      "https://example.com/perfumes/tropical1.jpg",
      "https://example.com/perfumes/tropical2.jpg",
      "https://example.com/perfumes/tropical3.jpg",
      "https://example.com/perfumes/tropical4.jpg",
      "https://example.com/perfumes/tropical5.jpg"
    ],
    "createdAt": "2022-11-20T14:30:00Z",
    "updatedAt": "2023-06-13T15:10:00Z"
  },
  {
    "id": "clk9z4x8a0008u9k4q9q4x8a8",
    "name": "Leather & Whiskey",
    "description": "Masculine blend of leather, tobacco and whiskey notes",
    "description2": "Rugged and sophisticated",
    "description3": "Aged in oak barrels for enhanced depth",
    "points": ["leather", "masculine", "sophisticated"],
    "maxPrice": 159.99,
    "sellPrice": 129.99,
    "fragrence": "Leather",
    "strength": "Strong",
    "preference": "Men",
    "sustainable": null,
    "type": "Eau de Parfum",
    "idealFor": "Night out",
    "quantity": 65,
    "isLive": true,
    "images": [
      "https://example.com/perfumes/leather1.jpg",
      "https://example.com/perfumes/leather2.jpg",
      "https://example.com/perfumes/leather3.jpg",
      "https://example.com/perfumes/leather4.jpg",
      "https://example.com/perfumes/leather5.jpg"
    ],
    "createdAt": "2022-10-15T16:45:00Z",
    "updatedAt": "2023-06-12T17:30:00Z"
  },
  {
    "id": "clk9z4x8a0009u9k4q9q4x8a9",
    "name": "Rose Petals",
    "description": "Delicate rose fragrance with peony accents",
    "description2": "Romantic and feminine",
    "description3": "Contains Bulgarian rose oil",
    "points": ["floral", "romantic", "feminine"],
    "maxPrice": 109.99,
    "sellPrice": 79.99,
    "fragrence": "Floral",
    "strength": "Medium",
    "preference": "Women",
    "sustainable": "Organic ingredients",
    "type": "Eau de Parfum",
    "idealFor": "Date night",
    "quantity": 95,
    "isLive": true,
    "images": [
      "https://example.com/perfumes/rose1.jpg",
      "https://example.com/perfumes/rose2.jpg",
      "https://example.com/perfumes/rose3.jpg",
      "https://example.com/perfumes/rose4.jpg",
      "https://example.com/perfumes/rose5.jpg"
    ],
    "createdAt": "2022-09-05T12:15:00Z",
    "updatedAt": "2023-06-11T14:00:00Z"
  },
  {
    "id": "clk9z4x8a0010u9k4q9q4x8a0",
    "name": "Mountain Air",
    "description": "Crisp alpine fragrance with pine and mint notes",
    "description2": "Invigorating and refreshing",
    "description3": null,
    "points": ["fresh", "outdoors", "unisex"],
    "maxPrice": 84.99,
    "sellPrice": 64.99,
    "fragrence": "Fresh",
    "strength": "Medium",
    "preference": "Unisex",
    "sustainable": "Carbon neutral production",
    "type": "Eau de Toilette",
    "idealFor": "Outdoor activities",
    "quantity": 140,
    "isLive": true,
    "images": [
      "https://example.com/perfumes/mountain1.jpg",
      "https://example.com/perfumes/mountain2.jpg",
      "https://example.com/perfumes/mountain3.jpg",
      "https://example.com/perfumes/mountain4.jpg",
      "https://example.com/perfumes/mountain5.jpg"
    ],
    "createdAt": "2022-08-12T11:30:00Z",
    "updatedAt": "2023-06-10T10:45:00Z"
  },
  {
    "id": "clk9z4x8a0011u9k4q9q4x8a1",
    "name": "Amber Nights",
    "description": "Warm amber fragrance with vanilla and spice",
    "description2": "Sensual and inviting",
    "description3": "Perfect for cooler months",
    "points": ["amber", "warm", "winter"],
    "maxPrice": 119.99,
    "sellPrice": 89.99,
    "fragrence": "Amber",
    "strength": "Medium",
    "preference": "Women",
    "sustainable": null,
    "type": "Eau de Parfum",
    "idealFor": "Evening wear",
    "quantity": 80,
    "isLive": true,
    "images": [
      "https://example.com/perfumes/amber1.jpg",
      "https://example.com/perfumes/amber2.jpg",
      "https://example.com/perfumes/amber3.jpg",
      "https://example.com/perfumes/amber4.jpg",
      "https://example.com/perfumes/amber5.jpg"
    ],
    "createdAt": "2022-07-20T14:00:00Z",
    "updatedAt": "2023-06-09T16:20:00Z"
  },
  {
    "id": "clk9z4x8a0012u9k4q9q4x8a2",
    "name": "Green Tea",
    "description": "Light green tea fragrance with citrus accents",
    "description2": "Soothing and calming",
    "description3": "Contains real green tea extract",
    "points": ["fresh", "light", "relaxing"],
    "maxPrice": 59.99,
    "sellPrice": 39.99,
    "fragrence": "Fresh",
    "strength": "Light",
    "preference": "Unisex",
    "sustainable": "Organic ingredients",
    "type": "Eau de Cologne",
    "idealFor": "Daily wear",
    "quantity": 230,
    "isLive": true,
    "images": [
      "https://example.com/perfumes/greentea1.jpg",
      "https://example.com/perfumes/greentea2.jpg",
      "https://example.com/perfumes/greentea3.jpg",
      "https://example.com/perfumes/greentea4.jpg",
      "https://example.com/perfumes/greentea5.jpg"
    ],
    "createdAt": "2022-06-15T10:45:00Z",
    "updatedAt": "2023-06-08T12:30:00Z"
  },
  {
    "id": "clk9z4x8a0013u9k4q9q4x8a3",
    "name": "Black Orchid",
    "description": "Luxurious floral-oriental fragrance",
    "description2": "Mysterious and sophisticated",
    "description3": "Contains rare black orchid extract",
    "points": ["luxury", "floral", "oriental"],
    "maxPrice": 179.99,
    "sellPrice": 149.99,
    "fragrence": "Floral Oriental",
    "strength": "Strong",
    "preference": "Women",
    "sustainable": null,
    "type": "Parfum",
    "idealFor": "Special occasions",
    "quantity": 50,
    "isLive": true,
    "images": [
      "https://example.com/perfumes/orchid1.jpg",
      "https://example.com/perfumes/orchid2.jpg",
      "https://example.com/perfumes/orchid3.jpg",
      "https://example.com/perfumes/orchid4.jpg",
      "https://example.com/perfumes/orchid5.jpg"
    ],
    "createdAt": "2022-05-10T15:30:00Z",
    "updatedAt": "2023-06-07T14:15:00Z"
  },
  {
    "id": "clk9z4x8a0014u9k4q9q4x8a4",
    "name": "Sport Energy",
    "description": "Energetic fresh fragrance for active lifestyle",
    "description2": "Long-lasting even during workouts",
    "description3": null,
    "points": ["fresh", "sport", "energizing"],
    "maxPrice": 74.99,
    "sellPrice": 54.99,
    "fragrence": "Fresh",
    "strength": "Medium",
    "preference": "Men",
    "sustainable": "Recycled packaging",
    "type": "Eau de Toilette",
    "idealFor": "Sports",
    "quantity": 160,
    "isLive": true,
    "images": [
      "https://example.com/perfumes/sport1.jpg",
      "https://example.com/perfumes/sport2.jpg",
      "https://example.com/perfumes/sport3.jpg",
      "https://example.com/perfumes/sport4.jpg",
      "https://example.com/perfumes/sport5.jpg"
    ],
    "createdAt": "2022-04-05T09:00:00Z",
    "updatedAt": "2023-06-06T11:45:00Z"
  },
  {
    "id": "clk9z4x8a0015u9k4q9q4x8a5",
    "name": "Cotton Candy",
    "description": "Playful sweet fragrance reminiscent of childhood",
    "description2": "Fun and flirty",
    "description3": "Perfect for young women",
    "points": ["sweet", "playful", "youthful"],
    "maxPrice": 64.99,
    "sellPrice": 44.99,
    "fragrence": "Gourmand",
    "strength": "Light",
    "preference": "Women",
    "sustainable": null,
    "type": "Eau de Toilette",
    "idealFor": "Casual wear",
    "quantity": 190,
    "isLive": false,
    "images": [
      "https://example.com/perfumes/candy1.jpg",
      "https://example.com/perfumes/candy2.jpg",
      "https://example.com/perfumes/candy3.jpg",
      "https://example.com/perfumes/candy4.jpg",
      "https://example.com/perfumes/candy5.jpg"
    ],
    "createdAt": "2022-03-15T13:15:00Z",
    "updatedAt": "2023-06-05T15:00:00Z"
  }
]
